Distance,Value
Manhattan,1.9964153919471341
Euclidean,1.0308137080397033
Correlation,-0.24876546022214346
