kmer,frequency
AG,0.05127765960861771
GC,0.08275115901647927
CT,0.050876078360910806
TT,0.07316017511872391
TC,0.05760773483400626
CA,0.0700886387192833
AT,0.06677580886628487
TG,0.0694535198790258
GA,0.05760536498758739
AC,0.055319324955710805
AA,0.07282020987790766
CG,0.0747132862854187
GG,0.05822324858116218
TA,0.04567857428315916
GT,0.055087941768995556
CC,0.058561274856726624
