kmer,frequency
GG,0.07318689653776674
GT,0.04892108234056014
TG,0.06444538889519501
TC,0.059154763507478905
CT,0.05399665453252767
GC,0.10435500319852033
CC,0.07331149364299586
CG,0.09302880956089199
CA,0.06534660609276324
AT,0.05637491057781908
TA,0.035692319063621074
AA,0.05453340759883956
AG,0.054870770099862465
GA,0.05906923498609282
TT,0.05485017990026952
AC,0.04886212749557179
TN,1.75984611905535e-07
NT,1.75984611905535e-07
