Kmer,Frequency,Normalized Frequency,Organism
-t,0,0.0,Organism1
-t,77,3.5523142866237834e-05,Organism2
ta,76927,0.03548946508144257,Organism1
ta,153,7.058494621473233e-05,Organism2
ag,91120,0.04203725685677392,Organism1
ag,142,6.55102115195555e-05,Organism2
-c,0,0.0,Organism1
-c,66,3.0448408171061004e-05,Organism2
c-,0,0.0,Organism1
c-,84,3.8752519490441276e-05,Organism2
-g,0,0.0,Organism1
-g,66,3.0448408171061004e-05,Organism2
cc,143271,0.06609657404660729,Organism1
cc,232,0.00010703076811645686,Organism2
gg,147932,0.06824687753880904,Organism1
gg,242,0.00011164416329389035,Organism2
tt,182843,0.08435270144274708,Organism1
tt,348,0.00016054615217468528,Organism2
gt,114309,0.052735258933724424,Organism1
gt,201,9.272924306641305e-05,Organism2
at,128956,0.05949249885011125,Organism1
at,208,9.59586196906165e-05,Organism2
g-,0,0.0,Organism1
g-,75,3.460046383075114e-05,Organism2
aa,180208,0.08313707181349335,Organism1
aa,305,0.0001407085529117213,Organism2
--,0,0.0,Organism1
--,2163180,0.9979604179920567,Organism2
tg,136334,0.06289626181202168,Organism1
tg,292,0.00013471113918105777,Organism2
tc,120328,0.05551206149102164,Organism1
tc,280,0.0001291750649681376,Organism2
-a,0,0.0,Organism1
-a,59,2.7219031546857562e-05,Organism2
ct,90324,0.041670030600650214,Organism1
ct,293,0.0001351724786988011,Organism2
ga,121020,0.05583130843730004,Organism1
ga,152,7.012360669698897e-05,Organism2
ac,110725,0.05108181810213226,Organism1
ac,177,8.165709464057269e-05,Organism2
t-,0,0.0,Organism1
t-,54,2.491233395814082e-05,Organism2
ca,132853,0.061290338950757084,Organism1
ca,218,0.00010057201486804997,Organism2
gc,191288,0.08824871367008966,Organism1
gc,357,0.00016469820783437543,Organism2
a-,0,0.0,Organism1
a-,55,2.5373673475884167e-05,Organism2
cg,199163,0.09188176237231852,Organism1
cg,285,0.00013148176255685433,Organism2
