k,kmer,E_coli,S_flexneri,S_enterica,B_subtilis
2,GC,0.08275115901647927,0.08219220303173227,0.08961988072340028,0.0602629990238649
2,GA,0.05760536498758739,0.057990523964550275,0.05714357474468595,0.06495580112463098
2,GG,0.05822324858116218,0.05795905149352069,0.06175175488203788,0.045589423107715264
2,AC,0.055319324955710805,0.05611216007289459,0.052615477795031916,0.04603111534406094
2,TA,0.04567857428315916,0.04522832843628919,0.04785207214733495,0.05171855522516934
2,GT,0.055087941768995556,0.05536637103525546,0.05257265696459191,0.04626904086127614
2,AG,0.05127765960861771,0.05189506600645381,0.05059589920552949,0.05584987208241759
2,CT,0.050876078360910806,0.05202638217868072,0.04999702518750068,0.056439822991006035
2,TG,0.0694535198790258,0.06981028177411838,0.063941999185169,0.06663480093604596
2,AT,0.06677580886628487,0.06576140263904266,0.06640728497612636,0.08143528627563541
2,CA,0.0700886387192833,0.07054955926602725,0.06462301508466686,0.06664168013843802
2,CC,0.058561274856726624,0.05896660466951626,0.06171099274536902,0.04598224928568972
2,TC,0.05760773483400626,0.05811554564257127,0.05718289579571499,0.0657905567528267
2,AA,0.07282020987790766,0.07232091675618234,0.06937571552475384,0.09851112710986916
2,TT,0.07316017511872391,0.0718603334215286,0.06981154099610722,0.09888450175004537
2,CG,0.0747132862854187,0.07384375025096583,0.08479821404197965,0.04900316799130849
